모임날짜,참석자,월,분류
6월 06/03 동대문,나르,6월,취미
6월 06/03 동대문,나물,6월,취미
6월 06/03 동대문,비비드,6월,취미
6월 06/03 동대문,우롱,6월,취미
6월 06/03 동대문,으닝,6월,취미
6월 06/05 껍데기,까악,6월,식사/유흥
6월 06/05 껍데기,수도,6월,식사/유흥
6월 06/05 껍데기,마키,6월,식사/유흥
6월 06/05 껍데기,생강,6월,식사/유흥
6월 06/05 껍데기,우롱,6월,식사/유흥
6월 06/05 껍데기,으닝,6월,식사/유흥
6월 06/05 껍데기,이불,6월,식사/유흥
6월 06/05 껍데기,이틀,6월,식사/유흥
6월 06/05 껍데기,튜브,6월,식사/유흥
6월 06/06 푸에르자,홍시,6월,취미
6월 06/06 푸에르자,나물,6월,취미
6월 06/06 푸에르자,비비드,6월,취미
6월 06/06 푸에르자,수오,6월,취미
6월 06/06 푸에르자,우롱,6월,취미
6월 06/06 푸에르자,으닝,6월,취미
6월 06/06 푸에르자,이불,6월,취미
6월 06/07 인왕산,수도,6월,야외활동
6월 06/07 인왕산,나르,6월,야외활동
6월 06/07 인왕산,마키,6월,야외활동
6월 06/14 퀴퍼,까악,6월,야외활동
6월 06/14 퀴퍼,홍시,6월,야외활동
6월 06/14 퀴퍼,나르,6월,야외활동
6월 06/14 퀴퍼,비비드,6월,야외활동
6월 06/14 퀴퍼,우롱,6월,야외활동
6월 06/14 퀴퍼,이틀,6월,야외활동
6월 06/28 조나단베르텡,수도,6월,취미
6월 06/28 조나단베르텡,나르,6월,취미
6월 06/28 조나단베르텡,라이,6월,취미
6월 06/28 조나단베르텡,마키,6월,취미
6월 06/28 조나단베르텡,수오,6월,취미
6월 06/29 클라이밍,비비드,6월,야외활동
6월 06/29 클라이밍,우롱,6월,야외활동
6월 06/29 클라이밍,으닝,6월,야외활동
6월 06/29 클라이밍,이불,6월,야외활동
6월 06/30 치킨,홍시,6월,식사/유흥
6월 06/30 치킨,나르,6월,식사/유흥
6월 06/30 치킨,수오,6월,식사/유흥
7월 7/28 (월) 사주,키키,7월,취미
7월 7/28 (월) 사주,으닝,7월,취미
7월 7/28 (월) 사주,생강,7월,취미
7월 7/28 (월) 사주,튜브,7월,취미
7월 7/28 (월) 사주,이불,7월,취미
7월 7/28 (월) 사주,선선,7월,취미
7월 7/19 (토) 종로노포,튜브,7월,식사/유흥
7월 7/19 (토) 종로노포,으닝,7월,식사/유흥
7월 7/19 (토) 종로노포,앰버,7월,식사/유흥
7월 7/19 (토) 종로노포,렌,7월,식사/유흥
7월 7/19 (토) 종로노포,키키,7월,식사/유흥
7월 7/19 (토) 종로노포,이불,7월,식사/유흥
7월 7/19 (토) 종로노포,라이,7월,식사/유흥
7월 7/12 (토) 이자카야,렌,7월,식사/유흥
7월 7/12 (토) 이자카야,앰버,7월,식사/유흥
7월 7/12 (토) 론뮤익전시,선선,7월,전시
7월 7/12 (토) 론뮤익전시,까악,7월,전시
7월 7/12 (토) 론뮤익전시,수도,7월,전시
7월 7/11 (금) 마곡피자,수도,7월,식사/유흥
7월 7/11 (금) 마곡피자,키키,7월,식사/유흥
7월 7/11 (금) 마곡피자,우롱,7월,식사/유흥
7월 7/11 (금) 마곡피자,까악,7월,식사/유흥
7월 7/11 (금) 마곡피자,이틀,7월,식사/유흥
7월 7/11 (금) 마곡피자,나물,7월,식사/유흥
7월 7/11 (금) 마곡피자,튜브,7월,식사/유흥
7월 7/10 (목) 점심꺼거,수도,7월,식사/유흥
7월 7/10 (목) 점심꺼거,흥치,7월,식사/유흥
7월 7/6 (일) 공포전시,네오,7월,전시
7월 7/6 (일) 공포전시,우롱,7월,전시
7월 7/6 (일) 공포전시,으닝,7월,전시
7월 7/6 (일) 공포전시,이불,7월,전시
7월 7/6 (일) 공포전시,앰버,7월,전시
7월 7/6 (일) 공포전시,키키,7월,전시
7월 7/6 (일) 공포전시,마키,7월,전시
7월 7/6 (일) 공포전시,나물,7월,전시
7월 7/5 (토) 관악산일출,까악,7월,야외활동
7월 7/5 (토) 관악산일출,렌,7월,야외활동
7월 7/5 (토) 관악산일출,홍시,7월,야외활동
7월 7/5 (토) 관악산일출,부엉,7월,야외활동
